{"cameraMode":{"drawMode":0,"name":"Shaded","section":"Shading Mode"},"sceneLighting":true,"audioPlay":false,"sceneViewState":{"m_AlwaysRefresh":false,"showFog":true,"showSkybox":true,"showFlares":true,"showImageEffects":true,"showParticleSystems":true,"showVisualEffectGraphs":true,"m_FxEnabled":true},"in2DMode":false,"pivot":{"x":16.403614044189454,"y":1.3155097961425782,"z":16.362594604492189},"rotation":{"x":-0.31569981575012209,"y":-0.025048810988664628,"z":0.008337331004440785,"w":-0.9484931826591492},"size":31.15139389038086,"orthographic":false}